﻿<?xml version="1.0" encoding="utf-8"?>
<EditorSettings type="Keysight.OpenTap.Wpf.EditorSettings">
  <ShowWelcomeScreen>true</ShowWelcomeScreen>
  <CheckForUpdates>true</CheckForUpdates>
  <LogVisibility>ViewErrors, ViewWarnings, ViewMessages, ViewDebug</LogVisibility>
  <ColorTheme>Light</ColorTheme>
  <ResultPopup>false</ResultPopup>
  <ClearLog>true</ClearLog>
  <ShowQuitConfirmation>false</ShowQuitConfirmation>
  <ShowSaveBeforeExit>true</ShowSaveBeforeExit>
  <ShowGuiLog>true</ShowGuiLog>
  <EnsureUniqueStepName>true</EnsureUniqueStepName>
  <ShowBrokenPackagesWindow>true</ShowBrokenPackagesWindow>
  <EstimationWindowLength>10</EstimationWindowLength>
  <LogPanelBufferSize>20000</LogPanelBufferSize>
  <ShowCodeLinksInLog>false</ShowCodeLinksInLog>
  <ShowPropertyInTooltip>false</ShowPropertyInTooltip>
  <AutoAttachDebugger>false</AutoAttachDebugger>
  <FocusMode>false</FocusMode>
  <FocusModeDontAskMeAgain>false</FocusModeDontAskMeAgain>
  <Package.Dependencies>
    <Package Name="WPF Controls" Version="^9.21.0+185bec68" />
    <Package Name="OpenTAP" Version="^9.21.0+795ccc10" />
  </Package.Dependencies>
</EditorSettings>