﻿<?xml version="1.0" encoding="utf-8"?>
<EngineSettings type="OpenTap.EngineSettings">
  <SessionLogPath>SessionLogs/SessionLog &lt;Date&gt;.txt</SessionLogPath>
  <PromptForMetaData>false</PromptForMetaData>
  <AbortTestPlan>Step_Error</AbortTestPlan>
  <OperatorName Metadata="Name">Jio</OperatorName>
  <StationName Metadata="Station">MAA2APWK412437</StationName>
  <ResultLatencyLimit>3</ResultLatencyLimit>
  <LogTimestamper type="OpenTap.Diagnostic.AccurateStamper"></LogTimestamper>
  <ResourceManagerType type="OpenTap.ResourceTaskManager">
    <StaticResources />
    <EnabledSteps />
  </ResourceManagerType>
  <Package.Dependencies>
    <Package Name="OpenTAP" Version="^9.21.0+795ccc10" />
  </Package.Dependencies>
</EngineSettings>